Site,Longitude(x),Latitude(y),BIO1_Annual_mean_temperature,BIO7_Temperature_annual_range,BIO12_Annual_precipitation,BIO17_Precipitation_of_driest_quarter,Albany_thicket,Coastal_belt,Desert,Forest,Fynbos,Nama_Karoo,Savanna,Succulent_Karoo,AB_Unmodified_largely_natural_river,C_Moderately_modified_river_condition,D_Largely_modified_river_condition,EF_Extremely_modified_river_condition,Z_River_condition_no_longer_intact,Human_population_density ,Sampling_effort 
1,29.38,-22.13,22.68,29.3,354,4,0,0,0,0,0,0,0.23,0,10379.95,15640.94,0,0,91.25,6.78,40
2,30.88,-22.13,23.44,24.67,487.5,10,0,0,0,0,0,0,0,0,11337.11,7051.14,0,8594.42,0,0.22,54
3,29.13,-22.38,21.91,28.4,350.75,6,0,0,0,0,0,0,0.96,0,7447.36,7015.4,0,0,0,0.91,22
4,30.13,-22.38,22.83,27.15,448,9.75,0,0,0,0,0,0,0.83,0,94.19,16006.57,10359.21,0,0,1.1,71
5,30.38,-22.38,23.07,25.55,434,7.75,0,0,0,0,0,0,0.6,0,3375.25,0,18949.15,0,36.57,5.47,15
6,30.63,-22.38,23.12,25.13,466.75,9,0,0,0,0,0,0,0.71,0,5344.03,0,10315.35,0,5786.51,4.63,36
8,31.13,-22.38,24.08,25.55,446.75,9,0,0,0,0,0,0,0.59,0,118.13,22260.37,0,0,0,0.18,20
9,31.38,-22.38,24.04,25.25,473.75,10.75,0,0,0,0,0,0,0.11,0,2302.85,1155.5,0,20804.84,0,11.5,62
10,28.13,-22.63,21.9,29.15,353.25,5,0,0,0,0,0,0,0.12,0,16689.29,0,0,9570.15,0,0.01,19
11,28.38,-22.63,21.71,28.3,328.5,4.75,0,0,0,0,0,0,0.61,0,94.98,0,0,0,0,0.58,65
12,28.88,-22.63,21.55,27.32,344.5,4.5,0,0,0,0,0,0,0.96,0,17650.07,3687.72,936.63,0,0,0.77,66
13,29.13,-22.63,20.67,26.28,406.5,6.5,0,0,0,0,0,0,0.96,0,2489.45,0,0,0,0,0.4,24
15,30.13,-22.63,22.28,25.7,527.25,11.75,0,0,0,0,0,0,0.96,0,1244.91,5371.29,6209.91,0,1661.51,21.02,347
16,30.38,-22.63,22.1,24.3,640.25,13,0,0,0,0,0,0,0.96,0,3375.25,2733.02,6209.91,0,1330.34,4.28,105
17,30.88,-22.63,22,22.67,693.5,18.25,0,0,0,0,0,0,0.96,0,2584.6,8135.99,0,0,4483.83,0,38
18,31.13,-22.63,23.61,24.38,535.25,13.75,0,0,0,0,0,0,0.96,0,1379.81,8135.99,0,0,0,0.18,45
19,29.38,-22.88,20.6,27,432.25,9.5,0,0,0,0,0,0,0.96,0,8743.11,993.15,6338.85,0,0,1.65,39
20,29.63,-22.88,20.99,25.6,436.25,9.5,0,0,0,0,0,0,0.96,0,7844.15,1195.03,181.55,0,0,3.81,54
21,29.88,-22.88,20.53,24.08,591.75,16.5,0,0,0,0,0,0,0.96,0,0,2155.18,4273.14,0,1011.66,0.73,55
23,30.38,-22.88,18.23,20.13,1490,84,0,0,0,0,0,0,0.96,0,210.07,2733.02,695.69,0,1330.34,1.28,66
24,30.63,-22.88,21.84,25.8,700.5,20.5,0,0,0,0,0,0,0.96,0,10515.04,790.67,7101.88,0,2405.33,194.6,31
25,31.13,-22.88,22.95,26.95,509.5,13.75,0,0,0,0,0,0,0.96,0,8304.47,8135.99,0,0,0,0.02,38
26,31.38,-22.88,23.11,26.9,479.25,13,0,0,0,0,0,0,0.81,0,2766.99,9887.24,0,1842.95,0,0.02,17
28,28.13,-23.13,21.44,27.35,438.25,7.5,0,0,0,0,0,0,0.96,0,4573.18,0,0,0,0,1,27
31,29.38,-23.13,19.87,27.12,546.5,15.5,0,0,0,0,0,0,0.96,0,0,1310.34,6338.85,0,6043.26,11.84,143
32,29.63,-23.13,20.03,28.25,581.25,19.5,0,0,0,0,0,0,0.96,0,6249.3,791.26,181.55,0,0,1.15,25
33,29.88,-23.13,19.56,26.87,685.75,28,0,0,0,0,0,0,0.96,0,0,713.37,1006.49,0,1060.28,18.09,54
34,30.13,-23.13,20.22,25.95,813.5,33.75,0,0,0,0,0,0,0.96,0,0,3528.13,259.24,0,361.81,3.39,151
35,30.38,-23.13,21.37,25.97,806.75,29.75,0,0,0,0,0,0,0.96,0,0,6803.63,2718.57,0,0,63.32,31
36,31.38,-23.13,23.15,28.1,443,13.5,0,0,0,0,0,0,0.96,0,9013.11,11978.28,0,5569.08,0,0.1,55
38,27.13,-23.38,21.32,32.27,410.75,7,0,0,0,0,0,0,0,0,2.47,33551.2,0,7884.35,0,0.49,11
40,29.38,-23.38,19.3,27.4,580.5,18,0,0,0,0,0,0,0.97,0,0,1310.34,6789.64,0,4095.03,1.21,21
42,31.63,-23.38,23.09,23.28,460.25,17,0,0,0,0,0,0,0.19,0,5279.47,0,0,6907.19,0,3.23,11
43,27.13,-23.63,21.32,32.27,410.75,7,0,0,0,0,0,0,0.69,0,83.24,12254.26,0,0,0,0.49,16
44,27.88,-23.63,21.22,29.17,467,9.5,0,0,0,0,0,0,0.97,0,3648.15,3944.46,15360.72,0,0,0.38,24
45,28.13,-23.63,20.99,29.78,475,11,0,0,0,0,0,0,0.97,0,3810.91,1027.1,22517.52,0,0,1.82,43
48,30.13,-23.63,20.47,25.02,770.5,34.25,0,0,0,0,0,0,0.97,0,0,741.28,5485.52,0,90.29,14.79,20
50,30.88,-23.63,22.38,25.9,518.5,15.5,0,0,0,0,0,0,0.97,0,2092.02,4756.19,10923.91,0,0,0,11
51,31.38,-23.63,22.38,24.3,503.5,17.25,0,0,0,0,0,0,0.97,0,3647.91,9008.53,0,0,0,0.11,31
52,27.88,-23.88,19.93,25.57,514,12,0,0,0,0,0,0,0.97,0,3648.15,3177.85,0,0,0,0.37,31
53,28.13,-23.88,18.51,25.75,582,14,0,0,0,0,0,0,0.97,0,5748.39,2679.15,0,0,0,0.24,130
54,28.38,-23.88,18.81,27.2,553,13,0,0,0,0,0,0,0.97,0,2279.01,1308.2,10050.23,0,0,0.56,57
55,29.38,-23.88,18.12,26.53,601,17.75,0,0,0,0,0,0,0.97,0,408.46,3757.16,6881.98,4811.3,556.24,1.67,29
56,29.88,-23.88,15.89,23.85,1103,56.5,0,0,0,0,0,0,0.97,0,38.1,1692.65,441.07,0,150.3,86.22,241
57,30.13,-23.88,19.76,24.43,879,48.25,0,0,0,0,0,0,0.97,0,718.54,1873.24,3441.67,0,2266.55,51.23,85
58,30.38,-23.88,21.8,26.93,567,20,0,0,0,0,0,0,0.97,0,26.76,6842.81,12213.33,0,0,9.86,20
61,31.63,-23.88,23.28,24.73,487.75,17.5,0,0,0,0,0,0,0.94,0,4976.34,18.04,0,3286.4,0,0.11,137
64,27.13,-24.13,20.67,31.57,505,11,0,0,0,0,0,0,0.97,0,0,15573.9,0,0,0,0.62,88
65,27.63,-24.13,19.47,28.25,545.5,12,0,0,0,0,0,0,0.97,0,1943.36,10253.73,0,0,0,0.74,23
66,27.88,-24.13,19.29,29.33,551.25,13,0,0,0,0,0,0,0.97,0,1841.02,8723.7,688.89,0,0,0.61,54
67,28.13,-24.13,18.07,28.37,590,13.25,0,0,0,0,0,0,0.97,0,2445.38,1011.71,3256.67,0,0,0.61,130
68,28.38,-24.13,17.57,26.85,646,16,0,0,0,0,0,0,0.97,0,2893.27,6289.65,2793.39,0,0,0.52,39
69,28.63,-24.13,17.73,25.58,620.75,15.75,0,0,0,0,0,0,0.97,0,2960.53,3782.29,3297.86,0,0,0.74,15
70,28.88,-24.13,17.27,24.47,651.5,16.75,0,0,0,0,0,0,0.97,0,1786.52,10603.29,1813.55,0,272.32,2.23,31
74,29.88,-24.13,16.02,22.47,1020.75,47.75,0,0,0,0,0,0,0.97,0,38.1,4788.72,1157.54,0,973.35,0.38,11
75,30.13,-24.13,19.66,24.58,806,35.75,0,0,0,0,0,0,0.97,0,718.54,1512.05,543.15,0,1690.4,0.38,55
76,30.38,-24.13,21.09,25.52,687.25,26,0,0,0,0,0,0,0.97,0,26.76,4535.75,4177.37,0,3920.76,4.18,43
80,31.63,-24.13,22.86,25.35,508.5,21.25,0,0,0,0,0,0,0.97,0,1557.74,8425.93,0,0,0,0.07,59
81,31.88,-24.13,22.83,23.75,528,24.25,0,0,0,0,0,0,0.61,0,282.96,8808.65,0,3236.88,0,0.07,24
82,27.63,-24.38,18.39,25.38,633.25,17.25,0,0,0,0,0,0,0.97,0,1335.38,1590.51,2773.85,0,0,0.01,15
83,27.88,-24.38,17.67,27.17,645.25,16.75,0,0,0,0,0,0,0.97,0,1431.72,447.61,688.89,0,0,0.69,112
84,28.13,-24.38,18.45,28.18,600.5,15,0,0,0,0,0,0,0.97,0,2010.11,3266.02,3256.67,0,0,1.6,59
86,28.63,-24.38,18.41,28.9,597,13.25,0,0,0,0,0,0,0.97,0,1761.4,1707.3,10685.39,0,0,1.34,42
87,28.88,-24.38,19.16,27.6,555.5,13.75,0,0,0,0,0,0,0.97,0,1410.78,28978.75,6400.78,0,3270.31,1.02,176
89,30.63,-24.38,21.71,24.62,627.25,18,0,0,0,0,0,0,0.97,0,3730.2,0,4207.43,0,0,142.06,41
90,30.88,-24.38,21.9,25.6,659.75,19.75,0,0,0,0,0,0,0.97,0,2523.3,1722.39,4438.68,0,0,10,59
91,31.13,-24.38,22.24,24.18,674.75,22.75,0,0,0,0,0,0,0.97,0,4266.35,4339.07,0,0,0,1.14,14
93,31.63,-24.38,21.84,23.73,598.75,25.75,0,0,0,0,0,0,0.97,0,9360.65,0,0,0,0,0.07,16
94,31.88,-24.38,22.58,25.6,540.5,27.75,0,0,0,0,0,0,0.94,0,749.55,0,0,0,0,0.07,31
97,27.88,-24.63,18.92,29.6,589.5,17,0,0,0,0,0,0,0.97,0,1579.6,6290.91,2492.42,0,1678.93,0.31,11
98,28.13,-24.63,17.72,28.08,644.25,16,0,0,0,0,0,0,0.97,0,383.57,1009.28,7805.37,0,1095.8,2.52,35
99,28.38,-24.63,17.6,26.55,650.75,14.25,0,0,0,0,0,0,0.97,0,418.68,1061.63,662.55,0,0,1.6,628
100,28.63,-24.63,18.68,28.47,588.75,11.25,0,0,0,0,0,0,0.97,0,2178.86,6739.5,6771.71,0,0,1.35,402
101,28.88,-24.63,19.68,30.9,550,14,0,0,0,0,0,0,0.97,0,4929.6,3130.1,0,0,6276.64,2.13,203
105,30.63,-24.63,19.19,25.15,830,28.75,0,0,0,0,0,0,0.69,0,313.78,0,3307.25,0,128.35,2.08,37
106,30.88,-24.63,14.48,17.4,1163.75,60,0,0,0,0,0,0,0.51,0,4496.51,1472.81,3307.25,0,0,0.28,148
107,31.13,-24.63,21.46,22.85,792.75,30,0,0,0,0,0,0,0.97,0,5896.92,6574.8,123.3,4003.63,1617.92,705.04,22
112,27.38,-24.88,20.31,32.88,638.75,19.25,0,0,0,0,0,0,0.98,0,0,27000,12464.82,0,0,0.53,32
113,27.63,-24.88,18.34,26.13,646.5,19.25,0,0,0,0,0,0,0.98,0,2042.24,3983.84,0,4133.31,3515.73,1.13,11
114,28.13,-24.88,18.83,27.93,615.75,15.25,0,0,0,0,0,0,0.98,0,198.61,1357.06,415.68,0,5733.53,10.23,95
115,28.38,-24.88,18.7,28.75,616.5,11.25,0,0,0,0,0,0,0.98,0,0,230.21,6403.46,0,0,11.32,43
116,28.88,-24.88,19.75,31.17,569,12.75,0,0,0,0,0,0,0.98,0,496.42,2812.06,12859.29,0,3859.2,1.51,11
117,29.38,-24.88,20.28,29.88,544.75,13.75,0,0,0,0,0,0,0.98,0,1744.08,839.11,2397.64,5594.89,1390.41,0.51,50
120,30.63,-24.88,15.61,22.72,928,37.5,0,0,0,0,0,0,0.08,0,1219.47,69.15,3047.34,0,2613.98,0.52,72
121,30.88,-24.88,14.83,17.88,1053.25,48.75,0,0,0,0,0,0,0.33,0,9504.52,1472.81,1250.73,0,85.46,1.1,144
123,31.38,-24.88,21.51,23.33,671,31.75,0,0,0,0,0,0,0.98,0,11460.39,5036.87,1880.69,4003.63,1191.81,1288.98,67
124,31.63,-24.88,21.76,24.48,628,28.25,0,0,0,0,0,0,0.98,0,7271.75,5663.14,0,0,5293.13,0.07,117
125,31.88,-24.88,21.92,23.17,628,29.75,0,0,0,0,0,0,0.98,0,946.96,0,0,0,577.74,0.07,118
132,29.38,-25.13,20.07,28.57,607.5,14.75,0,0,0,0,0,0,0.98,0,1744.08,2065.92,5091.92,0,961.44,119.5,13
133,30.13,-25.13,16.95,24.7,699.25,22,0,0,0,0,0,0,0.23,0,3771.79,1552.29,0,0,360.79,2.05,21
134,30.38,-25.13,15.6,25.82,776,27.25,0,0,0,0,0,0,0,0,1972.9,1291.13,0,0,502.87,1.95,91
135,30.63,-25.13,12.26,17.02,1093.5,52,0,0,0,0,0,0,0.05,0,251.31,69.15,0,0,267.97,3.17,38
136,30.88,-25.13,15.65,18.35,980.5,42.75,0,0,0,0,0,0,0.36,0,2034.43,69.26,1250.73,0,85.46,6.44,282
137,31.13,-25.13,20.28,24.2,808,39.75,0,0,0,0,0,0,0.98,0,5334.12,2477.19,267.94,0,148.92,1354.93,153
139,31.63,-25.13,21.84,24.22,624,28,0,0,0,0,0,0,0.98,0,4733.3,13633.63,14163.11,0,1064.33,0.07,11
140,31.88,-25.13,22.39,23,608,26.75,0,0,0,0,0,0,0.98,0,8179.38,0,0,0,577.74,0.07,71
144,28.13,-25.38,19.47,29.6,578.5,16,0,0,0,0,0,0,0.98,0,0,7841.55,15437.75,6582.51,0,94.57,32
145,28.38,-25.38,19.12,29.05,586,15.25,0,0,0,0,0,0,0.98,0,0,24702.34,15437.75,4159.69,2580.11,0.87,21
147,29.13,-25.38,18.47,25.33,658,16,0,0,0,0,0,0,0.98,0,250.42,4984.96,5049.27,0,0,0.82,36
148,29.38,-25.38,20.52,28.58,633,15.25,0,0,0,0,0,0,0.98,0,1494.35,5979.9,11926.96,0,2458.22,11.33,80
149,29.88,-25.38,16.35,26.05,716.25,23.5,0,0,0,0,0,0,0,0,2993.68,1437.89,0,0,2047.62,1.01,34
150,30.13,-25.38,12.29,19.67,933.75,42.75,0,0,0,0,0,0,0,0,4258.04,2970.95,0,0,651.32,1.54,89
151,30.38,-25.38,17.52,25.5,714.5,23,0,0,0,0,0,0,0.07,0,1583.36,2970.95,528.8,0,218.71,11.23,70
152,30.63,-25.38,17.06,21.25,836.5,30.25,0,0,0,0,0,0,0.5,0,1286.71,3050.9,0,0,2106.63,3.78,84
153,30.88,-25.38,19.12,25.25,811.5,31,0,0,0,0,0,0,0.74,0,2598.12,1457.57,0,0,2083.56,7.5,285
154,31.13,-25.38,20.51,24.75,777,35.25,0,0,0,0,0,0,0.98,0,895.34,7617.42,10115.44,0,0,148.55,23
156,31.63,-25.38,21.76,23.43,618.5,26.25,0,0,0,0,0,0,0.98,0,6082.75,13633.63,14163.11,0,2722.85,0.07,108
157,31.88,-25.38,22.7,23.87,617,25.25,0,0,0,0,0,0,0.96,0,5026.88,13633.63,14163.11,0,1550.92,9.95,211
159,27.13,-25.63,18.13,27.22,676.25,20.25,0,0,0,0,0,0,0.98,0,330.63,5338.46,7041.56,0,0,13.85,82
161,27.88,-25.63,18.9,28.83,629,16,0,0,0,0,0,0,0.98,0,0,3486.33,5280.42,0,3231.16,2.89,56
162,28.13,-25.63,18.39,28.95,654.5,13.75,0,0,0,0,0,0,0.98,0,0,691.85,5094.84,0,1317.87,16.54,81
163,28.38,-25.63,18.56,28.3,643.5,15.75,0,0,0,0,0,0,0.98,0,0,9284.04,1350.85,4159.69,0,75.37,46
164,28.63,-25.63,17.69,27.7,671.25,16,0,0,0,0,0,0,0.62,0,0,7900.59,1286.08,0,1610.91,11.13,78
165,28.88,-25.63,17.38,26.53,656.25,16,0,0,0,0,0,0,0.51,0,0,3091.1,521.25,0,3132.43,8.9,300
166,29.38,-25.63,16.68,26.35,669.5,16,0,0,0,0,0,0,0.1,0,1105.07,4094.54,285.53,0,1272.43,2.85,18
168,30.13,-25.63,14.16,24.6,842.5,39.25,0,0,0,0,0,0,0,0,3205.76,2604.6,0,0,651.32,0.5,102
169,30.38,-25.63,15.35,22.12,837.25,32,0,0,0,0,0,0,0,0,61.54,4183.75,528.8,0,907.98,1.39,11
170,30.63,-25.63,15.92,20.8,917.5,34.5,0,0,0,0,0,0,0.15,0,3336.98,101.07,734.43,0,83.04,1.82,13
171,30.88,-25.63,18.85,25.75,817,28.75,0,0,0,0,0,0,0.87,0,328.95,524.01,0,0,0,6.79,29
172,31.13,-25.63,19.34,22.47,816.75,31,0,0,0,0,0,0,0.94,0,895.34,5445.55,0,0,86.53,5.93,94
173,31.38,-25.63,19.19,20.97,933.5,40.5,0,0,0,0,0,0,0.75,0,0,3147.11,0,0,858.06,15.35,108
177,27.38,-25.88,17.17,27.35,674.25,18,0,0,0,0,0,0,0.92,0,2410.83,2556.33,4236.7,0,2487.02,5.84,151
178,27.63,-25.88,17.82,30,659,16,0,0,0,0,0,0,0.91,0,1066.38,5147.02,1620.37,0,0,10.18,17
179,27.88,-25.88,17.4,27.52,697,14,0,0,0,0,0,0,0.31,0,2169.82,11905.7,2858.08,671.21,0,20.22,167
180,28.13,-25.88,17.37,26.83,717.5,15,0,0,0,0,0,0,0.17,0,0,5307.55,681,815.37,1037.53,1895.11,184
181,28.38,-25.88,16.25,27.1,714,16,0,0,0,0,0,0,0.46,0,0,7121.48,2467.31,0,5934.48,41.59,318
182,28.63,-25.88,16.3,28.67,710.25,18,0,0,0,0,0,0,0.08,0,0,2329.74,1753.8,0,5934.48,4.05,60
184,29.38,-25.88,15.87,28.18,661,17,0,0,0,0,0,0,0,0,0,80.79,5955.42,0,1272.43,20.24,19
186,30.13,-25.88,15.07,25.17,771.75,30.25,0,0,0,0,0,0,0,0,1077.48,2604.6,0,0,864.85,2.3,11
187,30.38,-25.88,15.04,20.95,874,34.25,0,0,0,0,0,0,0,0,1776.16,4183.75,0,0,9.54,1.43,33
188,30.63,-25.88,18.84,26.93,820.25,28,0,0,0,0,0,0,0.34,0,142.15,101.07,1787.75,0,111.98,7.08,131
189,30.88,-25.88,16.58,20.45,1024,41.25,0,0,0,0,0,0,0.41,0,328.95,1187.96,0,0,1019.58,2.78,120
190,31.13,-25.88,16.98,19,1087.75,46.75,0,0,0,0,0,0,0.19,0,707.51,2073.83,0,0,86.53,2.86,76
192,20.38,-26.13,20.11,34.8,210.5,5,0,0,0,0,0,0,0.99,0,7774.87,0,0,0,0,0.04,13
196,27.88,-26.13,15.98,24.82,722.75,17.75,0,0,0,0,0,0,0.12,0,0,0,4075.48,671.21,2081.97,1420.27,257
197,28.13,-26.13,16.23,25.65,730,16.25,0,0,0,0,0,0,0.02,0,0,0,2859.2,815.37,1037.53,1376.07,142
198,28.38,-26.13,15.67,27.7,735.75,18,0,0,0,0,0,0,0,0,0,2630.07,5459.9,10927.95,5934.48,1942.82,13
199,30.13,-26.13,14.8,27.2,769.75,27,0,0,0,0,0,0,0,0,1735,3757.08,0,0,864.85,3.46,24
200,30.38,-26.13,14.67,22.2,869.75,31.25,0,0,0,0,0,0,0,0,7181.18,1215.45,0,0,4740.8,1.86,18
202,30.88,-26.13,18.14,22.82,1099,45,0,0,0,0,0,0,0.3,0,554.01,5955.24,0,0,7404.69,2.04,55
211,30.63,-26.38,14.5,22.72,954.75,35,0,0,0,0,0,0,0,0,8215.23,1668.62,1761.35,0,4003.47,4.24,44
212,25.63,-26.63,17.56,30.58,562.75,15.5,0,0,0,0,0,0,0.02,0,0,9426.75,18290.9,0,0,4.21,38
217,27.38,-26.63,16.7,32.77,635.75,20,0,0,0,0,0,0,0.08,0,0,8785.81,4121.59,0,2482.15,3.15,19
218,27.88,-26.63,16.55,29.07,644.5,19.5,0,0,0,0,0,0,0,0,0,6444.02,4058.68,0,1888.91,150.4,23
219,28.13,-26.63,15.75,30.12,658.25,21.25,0,0,0,0,0,0,0.17,0,0,9195.06,10368.74,0,3665.74,6.01,18
220,28.38,-26.63,15.83,29,670,22,0,0,0,0,0,0,0.25,0,0,3621.09,9382.54,0,1175.37,4.72,26
221,28.88,-26.63,15.16,28.7,689.5,25,0,0,0,0,0,0,0.02,0,714.34,6749.71,15296.41,0,636.22,3.75,24
223,30.63,-26.63,16.77,26.8,905.25,33.75,0,0,0,0,0,0,0,0,2361.58,8349.85,1761.35,1933.25,1478.3,4.98,83
224,30.88,-26.63,15.98,21.15,1025.5,42.75,0,0,0,0,0,0,0.1,0,318.15,462.43,4525.77,1954.3,1649.12,18.29,14
231,28.13,-26.88,15.83,24.27,642.5,23.25,0,0,0,0,0,0,0.29,0,0,9195.06,21846.98,0,2948.14,4.63,20
232,30.13,-26.88,14.49,28.18,776.25,30,0,0,0,0,0,0,0,0,25632.61,8478.82,23607.23,0,1606.24,1.56,30
233,30.38,-26.88,15.49,26.18,831.25,31.25,0,0,0,0,0,0,0,0,3255.81,8694.47,13676,0,2316.15,12.02,12
234,30.63,-26.88,15.79,24.33,892.5,35,0,0,0,0,0,0,0,0,1090.54,0,13676,0,3117.3,7.43,13
237,32.13,-26.88,21.67,21.95,639,32.75,0,0,0,0,0,0,0.83,0,5460.19,45248.53,0,0,778.21,1.72,82
238,32.38,-26.88,22.72,23.1,648,38.25,0,0,0,0,0,0,0.55,0,15573.51,19249.09,0,30145.58,0,0,115
240,32.88,-26.88,22.51,16.57,833.5,92.75,0,0.26,0,0,0,0,0.01,0,12373.98,0,0,0,0,43.36,358
245,30.13,-27.13,14.4,26.22,757.5,30.5,0,0,0,0,0,0,0,0,9709.07,0,0,0,8319.37,2.59,219
246,30.38,-27.13,16.44,27.52,830.5,34,0,0,0,0,0,0,0,0,842.8,0,13676,0,1391.45,8.69,16
247,30.88,-27.13,16.93,25.22,885.25,40.75,0,0,0,0,0,0,0,0,8376.94,0,10720.28,0,999.34,12.02,33
248,31.13,-27.13,17.99,24,821.5,44,0,0,0,0,0,0,0.02,0,181.18,1511.63,3416.9,0,445.59,141.72,23
252,32.63,-27.13,22.02,19.53,788.5,69.25,0,0.97,0,0,0,0,0,0,8840.81,0,0,0,0,1.78,12
259,29.88,-27.38,14.76,26.55,793.75,35.5,0,0,0,0,0,0,0,0,1837.52,18191.88,0,0,0,652.61,82
260,30.13,-27.38,14,25.98,764.25,33,0,0,0,0,0,0,0,0,4971.94,7133.01,0,0,54.36,58.56,111
262,30.63,-27.38,17.11,26.83,883.25,37.25,0,0,0,0,0,0,0,0,1394.1,0,0,0,311.79,30.49,12
263,30.88,-27.38,17.43,24.17,900.5,41.25,0,0,0,0,0,0,0.07,0,8376.94,77.49,0,0,743.94,3.89,24
264,31.38,-27.38,19.72,20.85,751,43.25,0,0,0,0,0,0,0.54,0,4356.85,3195.09,0,0,26.11,12.27,64
265,31.63,-27.38,21.25,24.63,665,45.5,0,0,0,0,0,0,1,0,156.42,9076.25,2665.97,0,1015.34,334.15,18
266,31.88,-27.38,22.16,24.15,597,41,0,0,0,0,0,0,1,0,73.27,9076.25,2439.49,0,4317.33,7.39,14
268,32.38,-27.38,21.98,21.58,704.25,52.5,0,0.3,0,0,0,0,0.69,0,7333.7,19775.16,0,0,0,12.99,16
269,32.63,-27.38,22.23,18.45,768,74,0,0.87,0,0,0,0,0.01,0,4148.25,0,0,0,0,10.67,17
273,30.13,-27.63,17.2,26.23,786.75,32,0,0,0,0,0,0,0,0,71.79,3282.61,15414.45,0,54.36,4.37,47
274,30.38,-27.63,16.25,24.18,817.5,36.75,0,0,0,0,0,0,0,0,1176.86,0,0,0,625.91,7.4,35
275,30.63,-27.63,15.97,24.92,888.75,42.75,0,0,0,0,0,0,0,0,5131.59,1427.78,0,0,99.38,11.01,16
277,31.13,-27.63,17.42,24.05,841.75,44.25,0,0,0,0,0,0,0.14,0,10339.86,3396.07,0,1980.75,1413.16,18.39,21
278,31.38,-27.63,18.94,22.35,796,49.75,0,0,0,0,0,0,0.55,0,850.9,992.79,0,0,424.64,11.54,39
280,32.13,-27.63,20.8,19.57,802,62.5,0,0,0,0,0,0,1,0,15105.29,0,408.86,0,4928.67,46.91,54
281,32.38,-27.63,22.17,21.15,785,66.75,0,0.46,0,0,0,0,0.53,0,172.45,0,12686.51,0,4928.67,142.09,252
282,32.63,-27.63,22.19,17.23,865.5,90.5,0,0.59,0,0,0,0,0,0,2242.42,0,0,0,8819.57,0,96
284,24.63,-27.88,19.22,32.8,466.5,15,0,0,0,0,0,0,1,0,9199.49,5588.75,13135.5,0,7091.89,76.62,20
288,30.38,-27.88,17,27.03,818.25,42,0,0,0,0,0,0,0,0,19773.01,4795,20558.84,0,1001.03,4.63,11
289,30.63,-27.88,16.9,27.65,839,44,0,0,0,0,0,0,0,0,6660.76,5242.4,0,0,7639.7,6.55,14
291,31.38,-27.88,16.79,18.95,879.75,58,0,0,0,0,0,0,0.57,0,1645.61,3069.17,0,0,228.79,3.63,33
293,32.38,-27.88,22.25,20.12,892.5,95,0,0.53,0,0,0,0,0.46,0,24106.81,0,571.74,0,4928.67,29.26,83
300,30.13,-28.13,16.27,27.75,816.75,44.25,0,0,0,0,0,0,0.09,0,6346.15,2784.83,3253.85,0,5332.86,10.53,11
301,30.38,-28.13,17.05,27.1,812.75,47,0,0,0,0,0,0,0,0,20593.8,9946.76,20558.84,0,1453.15,6.44,11
302,30.63,-28.13,16.42,24.62,825,45.5,0,0,0,0,0,0,0,0,41058.48,0,7778.05,0,1998.09,183.63,10
304,31.13,-28.13,17.27,22.03,856.5,51.75,0,0,0,0,0,0,0.73,0,3013.08,0,0,0,973.74,4.72,18
306,32.13,-28.13,21.13,19.4,1001.5,110.75,0,0,0,0,0,0,1,0,3819.98,0,0,0,175.21,45.38,114
307,32.38,-28.13,22.12,19.3,1016.25,125,0,0.7,0,0,0,0,0.28,0,23094.96,0,0,0,5778.26,0.95,248
312,28.63,-28.38,13.74,27.17,750.5,40.5,0,0,0,0,0,0,0,0,9580.47,5232.9,0,0,5042.63,1.2,15
313,29.13,-28.38,14.1,29.35,757.25,41.75,0,0,0,0,0,0,0,0,19247.15,39459.78,93.74,0,2872.48,1,18
314,29.38,-28.38,14.35,26.85,812.75,42.25,0,0,0,0,0,0,0,0,33918.49,155.26,0,0,4453.91,5.2,28
316,30.13,-28.38,17.84,28.22,759,36.25,0,0,0,0,0,0,0.21,0,3126.65,5544.91,3253.85,0,760.35,6.68,33
319,30.88,-28.38,16.76,24.25,808,41.25,0,0,0,0,0,0,0.11,0,6144.97,0,0,0,2943.06,1.46,12
321,31.88,-28.38,21.89,23.05,1004.25,114,0,0,0,0,0,0,1,0,11019.18,0,0,0,1763,0.3,11
323,32.38,-28.38,21.65,17.32,1225.75,180,0,0.73,0,0,0,0,0,0,40294.6,0,0,0,7057.96,906.13,236
325,20.13,-28.63,20.18,32.5,174,9.5,0,0,0,0,0,0.95,0,0,7605.41,12695.48,0,0,0,0.04,42
326,20.38,-28.63,20.51,31.88,156,9.25,0,0,0,0,0,0.95,0,0,2098.28,12695.48,0,0,7522.72,24.84,13
334,28.63,-28.63,11.92,25.82,839.5,44.25,0,0,0,0,0,0,0,0,3677.91,2597.27,0,0,638.87,60.16,46
335,28.88,-28.63,14.11,26.07,837.75,38.25,0,0,0,0,0,0,0,0,157.79,14229.95,0,0,289.18,334.96,108
336,29.13,-28.63,17.04,27.57,1077.25,48.5,0,0,0,0,0,0,0,0,5431.69,3.13,93.74,4227.33,1237.4,4.74,25
338,29.63,-28.63,17.55,28.33,795,35,0,0,0,0,0,0,0.1,0,8813.64,5984,0,0,8842.58,2.41,89
339,29.88,-28.63,18.45,29.38,731.25,28,0,0,0,0,0,0,0.82,0,4831.64,5984,3515.9,0,1256.69,698.7,65
342,30.63,-28.63,18.95,23.58,725.75,39.5,0,0,0,0,0,0,0.69,0,7069.71,4382.88,6799.41,0,0,41.59,30
343,30.88,-28.63,14.53,19.52,902.75,53.5,0,0,0,0,0,0,0.37,0,2263.54,6646.01,0,0,0,54.22,56
345,31.88,-28.63,21.44,21.42,1070.25,131,0,0.13,0,0,0,0,0.88,0,5572.22,814.34,0,0,1763,79.86,22
346,32.13,-28.63,21.27,17.58,1173.5,160.75,0,0.82,0,0,0,0,0.1,0,4689.71,0,0,96.91,1817.63,2.53,217
348,17.63,-28.88,22.05,25.65,63.75,8,0,0,0.79,0,0,0,0,0.17,7500.23,0,0,0,0,0.13,11
352,25.88,-28.88,16.89,33.95,477,26,0,0,0,0,0,0,0,0,2129.84,15260.3,9769.83,701.64,3777.55,1.37,14
353,26.13,-28.88,16.52,34.3,517.5,29,0,0,0,0,0,0,0,0,10657.57,6643.72,18655.4,774.4,3379.8,2.21,76
360,29.13,-28.88,14.2,20.58,1044.25,45.75,0,0,0,0,0,0,0,0,72.88,3.13,0,0,58.28,0.59,41
361,29.38,-28.88,17.16,27.17,873.5,42,0,0,0,0,0,0,0,0,4731.82,14634.77,0,0,475.6,234.38,62
362,29.63,-28.88,17.24,27.95,815.75,36.25,0,0,0,0,0,0,0,0,4655.5,23738.25,3489.67,0,0,192.8,49
363,29.88,-28.88,17.67,27.72,755,33,0,0,0,0,0,0,0.66,0,3270.63,4456.63,3515.9,0,1256.69,119.91,41
364,30.13,-28.88,18.1,28.5,725.75,33.25,0,0,0,0,0,0,0.97,0,2665.39,2271.02,2507.96,0,830.33,20.65,72
365,30.38,-28.88,17.14,23.45,784.75,40,0,0,0,0,0,0,0.94,0,4077.39,5543.13,11388.84,0,1729.8,64.13,19
366,30.63,-28.88,15.7,20.78,878.25,50.5,0,0,0,0,0,0,0.79,0,1823.64,8533.8,6799.41,0,769.03,13.42,31
367,30.88,-28.88,18.94,19.9,831.5,56.5,0,0,0,0,0,0,0.69,0,519.2,9292.26,0,0,1636.6,35.6,19
368,31.13,-28.88,19.87,21.92,889.5,68,0,0.06,0,0,0,0,1,0,3565.64,288.03,0,0,847.5,60.51,12
369,31.38,-28.88,18.69,17.85,1040.25,89.25,0,0.25,0,0,0,0,0.76,0,716.01,5406.2,0,0,2444.5,4.39,81
370,31.63,-28.88,20.39,20.47,1113,125.5,0,0.68,0,0,0,0,0.31,0,4082.51,8795.42,0,0,7364.22,132.03,57
371,31.88,-28.88,21.02,18.22,1118.5,145.75,0,0.68,0,0,0,0,0.01,0,2702.66,8751.81,0,0,378.94,14.81,222
380,26.13,-29.13,15.7,32.73,515.5,30,0,0,0,0,0,0,0,0,4862.71,8699.09,884.26,0,1328.14,11.04,92
384,29.38,-29.13,10.67,22.65,986,42.5,0,0,0,0,0,0,0,0,1446.59,5735.63,0,0,543.13,0.43,52
385,29.63,-29.13,15,25.68,950.25,42.25,0,0,0,0,0,0,0,0,4082.76,2810.77,0,0,0,1.02,30
386,29.88,-29.13,15.37,24.93,869.25,41.5,0,0,0,0,0,0,0.1,0,1392.45,4762.21,3463.45,0,3915.27,6.03,33
388,30.38,-29.13,15.14,23.65,888.75,49.25,0,0,0,0,0,0,0.22,0,572.91,4423.52,0,0,1048.13,15.35,11
389,30.63,-29.13,16.88,26.87,876.5,57,0,0,0,0,0,0,0.11,0,917.56,2902.95,0,0,656.65,6.12,54
391,31.13,-29.13,19.77,19.58,950,81,0,0.5,0,0,0,0,0.88,0,4057.86,288.03,0,0,676.41,66.18,17
392,31.38,-29.13,20.83,21.33,1035.75,111.5,0,0.7,0,0,0,0,0.31,0,3915.45,293.2,0,0,413.67,888.74,11
398,26.63,-29.38,15.54,33.55,580,38.5,0,0,0,0,0,0,0,0,8729.25,2087.14,12782.52,0,6362.86,0.52,12
400,29.63,-29.38,13.06,27.28,998.5,43.5,0,0,0,0,0,0,0,0,3436.57,0,0,0,633.41,0.08,87
402,30.13,-29.38,15.72,24.75,861.5,42.75,0,0,0,0,0,0,0,0,92.29,611.5,0,0,6467.81,15.3,287
403,30.38,-29.38,17.55,26.35,794,43.75,0,0,0,0,0,0,0.6,0,4180.64,200.44,6236.52,0,293.69,7.46,219
404,30.63,-29.38,17.01,25.78,881.5,57.75,0,0,0,0,0,0,0.72,0,331.41,2279.02,6236.52,0,432.35,72,27
406,31.13,-29.38,19.69,18.45,1004,97.75,0,0.78,0,0,0,0,0.21,0,2197.86,1812.3,0,0,2817.32,27.82,21
416,29.38,-29.63,12.17,22.8,910.75,37.25,0,0,0,0,0,0,0,0,119.8,0,0,0,1081.12,0.46,53
417,29.63,-29.63,15.75,25.65,913.75,38.25,0,0,0,0,0,0,0,0,1513.92,0,0,0,633.41,26.65,35
418,29.88,-29.63,14.31,22.05,952,43.25,0,0,0,0,0,0,0,0,3681.03,2633.15,0,0,63.41,100.81,59
419,30.13,-29.63,14.96,22.72,935.5,49,0,0,0,0,0,0,0,0,7822.58,3472.81,6373.05,0,1393.24,6.69,97
420,30.38,-29.63,18.46,28.1,792.75,43.5,0,0,0,0,0,0,0.73,0,808.98,5612.75,6236.52,2046.52,484.55,1089.46,954
421,30.63,-29.63,19.05,21.57,854.75,63,0,0,0,0,0,0,1,0,1478.4,5612.75,6236.52,106.36,1392.89,150.19,54
422,30.88,-29.63,19.14,18.23,954,84.25,0,0.55,0,0,0,0,0.48,0,1664.35,2330.92,1598.55,0,1743.55,330.23,76
423,31.13,-29.63,20.73,18.7,987.5,117.25,0,0.6,0,0,0,0,0,0,2443.16,1788.08,177.64,0,2817.32,21.37,98
424,25.63,-29.88,15.81,33.13,428.5,33,0,0,0,0,0,0,0,0,8657.75,0,0,0,7403.13,0.64,10
427,29.13,-29.88,10.68,24.2,805.25,39.5,0,0,0,0,0,0,0,0,63.78,0,0,0,764.48,29.14,23
428,29.38,-29.88,13.65,29.63,1032,47.25,0,0,0,0,0,0,0,0,2924.27,2288.96,0,0,1020.97,3.23,63
429,29.63,-29.88,14.08,24.67,1009,46,0,0,0,0,0,0,0,0,11797.05,621.92,0,0,633.41,3.28,32
430,29.88,-29.88,15.53,23.95,939,45.25,0,0,0,0,0,0,0.03,0,5062.3,1351.34,0,0,3357.74,6,33
431,30.13,-29.88,15.99,22.8,906.25,49.75,0,0,0,0,0,0,0.3,0,1926.08,1793.49,0,0,2240.1,16.8,13
433,30.63,-29.88,18.66,20.67,909.5,73.25,0,0.06,0,0,0,0,0.96,0,139.56,557.12,1366.43,106.36,751,12.88,33
434,30.88,-29.88,20.09,18.7,986.75,107.75,0,0.87,0,0,0,0,0.09,0,1714.86,1878.36,4348.13,1778.89,794.51,1278.11,288
440,29.88,-30.13,16.94,26.3,836,55.75,0,0,0,0,0,0,0.11,0,5980.22,1351.34,0,0,1128.49,106.87,18
441,30.13,-30.13,16.92,24.82,848.25,63.75,0,0,0,0,0,0,0.45,0,2915.75,3799.2,0,0,867.05,9.49,18
442,30.38,-30.13,18.46,18.4,899,71.75,0,0,0,0,0,0,1,0,5279.54,3191.08,0,0,1436.11,55.76,26
443,30.63,-30.13,20.45,19.15,963.25,96.75,0,0.57,0,0,0,0,0.45,0,1459.46,1670.06,0,0,401.94,48.38,14
448,25.88,-30.38,15.39,31.42,436.5,37,0,0,0,0,0,0,0,0,3050.13,1191.12,0,0,0,0.41,24
449,26.13,-30.38,15.95,32.65,440.25,39.25,0,0,0,0,0,0,0,0,21715.12,7616.01,18818.89,0,0,0.42,34
450,26.38,-30.38,15.45,31.07,496.75,42.5,0,0,0,0,0,0,0,0,1884.04,0,9181.11,0,370.68,0.33,20
460,30.63,-30.38,20.64,17.65,1034,119.25,0,0.75,0,0,0,0,0.09,0,270.7,2048.67,754.95,0,391.46,310.23,27
462,21.88,-30.63,17.51,32.58,207.75,19,0,0,0,0,0,0.97,0,0,3686.61,0,0,0,7939.71,0.12,15
465,25.38,-30.63,16.38,32.47,397,39,0,0,0,0,0,0.32,0,0,2672.62,3176.07,5574.49,9415.87,1709.09,0.82,11
466,26.63,-30.63,15.84,30.58,537.75,47.25,0,0,0,0,0,0.18,0,0,3031.24,0,0,0,3380.28,0.66,24
467,26.88,-30.63,15.06,30.28,597.75,53,0,0,0,0,0,0,0,0,9908.22,0,0,0,1637.19,0.48,20
473,28.63,-30.63,14.76,25.38,730,47,0,0,0,0,0,0,0,0,249.07,6762.08,0,0,1291.7,89.54,25
474,29.38,-30.63,15.52,25.35,793.25,51.25,0,0,0,0,0,0,0,0,6536.36,6363.56,0,0,287.63,3.87,17
476,30.38,-30.63,19.91,16.95,1039.75,108.25,0,0.94,0,0,0,0,0.06,0,93.03,0,0,0,282.83,777.82,29
483,27.38,-30.88,13.08,27.62,648,54,0,0,0,0,0,0,0,0,1713.28,2649.19,0,0,0,1.25,41
489,27.38,-31.13,11.79,27.32,670,56.5,0,0,0,0,0,0,0,0,3376.23,417.47,0,0,4307.85,0.74,16
490,27.63,-31.13,11.34,25.82,705.75,59,0,0,0,0,0,0,0,0,3360.19,4578.15,0,0,0,1.66,19
491,27.88,-31.13,12.37,26.3,687.25,52.25,0,0,0,0,0,0,0,0,7089.94,2602.91,0,0,6757.19,0.81,47
492,28.13,-31.13,15.06,25.18,718,46.25,0,0,0,0,0,0,0,0,1355.87,12454.2,0,0,6449.04,0.45,49
493,28.38,-31.13,15.22,27.9,766.5,46.5,0,0,0,0,0,0,0,0,3020.21,2505.24,0,0,6449.04,0.8,23
494,30.13,-31.13,20.46,16.45,1086.25,127.5,0,0.61,0,0,0,0,0.03,0,152.03,0,0,0,425.53,27.12,108
495,19.13,-31.38,16.79,28.25,274.75,23.75,0,0,0,0,0.64,0,0,0.32,2821.56,44.05,0,0,136.25,101.95,13
501,26.63,-31.38,12.32,30.02,580.25,60,0,0,0,0,0,0,0,0,259.52,2752.47,0,0,0,1.16,10
503,27.63,-31.38,15.63,25.72,628.75,47.25,0,0,0,0,0,0,0,0,786.03,3355.99,0,0,2115.96,3.37,14
504,27.88,-31.38,15.04,26,665,46.25,0,0,0,0,0,0,0,0,1566.21,118.76,0,0,90.22,1.66,17
505,28.13,-31.38,15.15,25.5,708.75,46,0,0,0,0,0,0,0,0,6222.52,3445.61,0,0,7065.34,3.78,11
506,28.38,-31.38,15.06,26.43,736.5,47,0,0,0,0,0,0,0.01,0,6222.52,1365.63,11262.6,0,3163.54,3.81,19
511,26.88,-31.63,15.05,26.5,565.25,52,0,0,0,0,0,0,0,0,1598.47,2652.12,2987.15,0,1465.47,2.13,41
515,29.38,-31.63,19.34,16.48,1041.25,109,0,0.52,0,0,0,0,0.41,0,64.11,0,0,0,2066.91,430.85,14
527,18.88,-32.13,19.33,27.17,241,18,0,0,0,0,0.96,0,0,0.04,123.9,7092.56,5380.15,0,598.16,5.58,30
530,23.63,-32.13,15.52,28.45,285.5,40,0,0,0,0,0,0.98,0,0,1461.79,58.58,0,0,1862.74,0.35,14
532,25.13,-32.13,13.39,28.02,449.75,53,0,0,0,0,0,0.51,0,0,1783.91,3012.38,2792.94,0,918.76,0.38,12
533,25.38,-32.13,15.62,28.22,406.5,47.75,0.09,0,0,0,0,0.44,0,0,1623.9,416.79,4660.55,0,2173.12,0.78,13
538,19.13,-32.38,12.96,22.67,344.5,47.5,0,0,0,0,0.94,0,0,0.03,1985.33,1281.35,0,0,0,0.75,67
539,19.38,-32.38,16.63,25.85,250.75,29,0,0,0,0,0.59,0,0,0.42,9537.27,0,0,0,2921.14,3.81,36
543,24.38,-32.38,18.06,27.78,314,44.75,0.3,0,0,0,0,0.95,0,0,2165.8,9391.11,5597.75,0,1305.96,0.62,31
545,25.38,-32.38,13.94,27.18,463.25,55,0,0,0,0,0,0.02,0,0,875.38,1430.87,925.33,0,1013.85,0.13,21
550,26.88,-32.38,13.94,24.48,643,58.75,0,0,0,0,0,0,0.04,0,971.81,469.62,4999.22,0,1472.86,1.85,39
557,19.13,-32.63,15.29,24.3,329.5,38,0,0,0,0,0.97,0,0,0.04,524.92,0,9272.91,48.39,1877.16,13.36,33
558,19.38,-32.63,16.05,25.3,272.5,34,0,0,0,0,0.78,0,0,0.2,1384.57,0,0,0,2247.4,0.12,70
559,24.13,-32.63,17.72,28.97,300.25,43,0.02,0,0,0,0,0.99,0,0,6565.41,2936.14,0,0,0,0.43,13
564,26.88,-32.63,15.05,19.53,660.5,66,0.36,0,0,0,0,0,0.19,0,759.65,469.62,5771.6,0,143.69,0.79,70
566,27.38,-32.63,16.48,21.03,709.5,64.75,0,0,0,0,0,0,0.12,0,4013.08,16852.27,1175.41,0,61.21,3.99,140
570,18.88,-32.88,18.6,26.13,380.25,35,0,0,0,0,0.97,0,0,0,4006.1,5799.79,1937.83,4173.21,5293.7,5.28,16
571,19.13,-32.88,15.97,23.83,362.5,40.5,0,0,0,0,0.97,0,0,0,2338.5,5909.15,8370.28,48.39,2722.92,8.59,24
574,25.13,-32.88,17.34,26.38,347,50.25,0.74,0,0,0,0,0.24,0,0,1448.01,5462.77,413.67,4098.02,0,0.26,16
578,27.63,-32.88,17.53,19.42,796.75,80,0.46,0,0,0,0,0,0.56,0,2448.33,6060.85,581.1,0,476.04,1.53,25
582,18.63,-33.13,18.05,24,412,36.75,0,0,0,0,0.97,0,0,0,0,8881.82,4294.32,0,6556.95,3.07,10
584,19.13,-33.13,14.15,22.42,428.25,51,0,0,0,0,0.97,0,0,0,883.62,43.13,41.17,0,900.54,12.44,65
590,27.63,-33.13,18.74,17.55,791.75,111,0.77,0,0,0,0,0,0,0,282.48,271.06,0,0,476.04,40.93,18
594,18.88,-33.38,17.14,22.92,544.5,51.5,0,0,0,0,0.98,0,0,0,901.91,4856.39,11715.65,0,3391.13,33.57,32
595,19.13,-33.38,17.02,23.6,534,51.5,0,0,0,0,0.98,0,0,0,1203.08,1448.05,8497.81,0,900.54,9.35,21
596,19.38,-33.38,16.52,26.5,464,50,0,0,0,0,0.98,0,0,0,1394.99,6341.65,4526.78,0,0,8,121
597,19.63,-33.38,10.01,22.05,476.25,85.75,0,0,0,0,0.98,0,0,0,522.88,919.49,941.38,0,57.66,2.16,13
599,21.38,-33.38,12.18,23.6,347,72,0,0,0,0,0.84,0,0,0.14,617.31,26.8,0,0,60.14,0.37,54
601,22.13,-33.38,14.69,23.7,293,54,0.09,0,0,0,0.85,0,0,0.04,1021.59,0,68.86,0,1082.29,5.79,35
609,26.63,-33.38,18.2,19.53,645.75,101.5,0.46,0,0,0,0.19,0,0.36,0,2448.95,256.02,6278.5,0,0,5.41,60
610,26.88,-33.38,18.14,18.53,667.25,104.5,0.8,0,0,0,0.07,0,0.15,0,434.61,1331.71,5541.73,0,1027.65,2.66,14
614,18.88,-33.63,17.91,23.23,618,56.25,0,0,0,0,0.98,0,0,0,48.38,1649.1,8396.98,0,4170.44,33.64,30
615,19.13,-33.63,13.58,20.25,617.75,73.5,0,0,0,0,0.98,0,0,0,600.74,2321.91,7752.82,0,0,13.81,337
616,19.38,-33.63,17.46,24.1,601.75,58,0,0,0,0,0.98,0,0,0.06,1039.09,45.11,6022.1,0,26.03,24.96,87
618,19.88,-33.63,13.5,25.43,373,59.25,0,0,0,0,0.98,0,0,0.02,1383.45,1218.36,612.54,0,1514.04,0.85,10
622,22.13,-33.63,17.86,25.4,306.25,69.5,0.39,0,0,0,0.02,0,0,0.57,669.62,1351.16,3260.96,0,4469.02,16.98,11
626,24.63,-33.63,16.15,20.87,531.25,97.75,0.43,0,0,0,0.58,0,0,0,986.72,8895.13,13319.22,2626.01,78.09,0.13,33
631,26.63,-33.63,18.68,17.52,654.5,121.75,0.81,0,0,0,0,0,0.03,0,4629.44,303.71,6278.5,0,0,2.42,56
633,18.38,-33.88,16.7,14.78,538.75,47,0,0,0,0,0.25,0,0,0,98.09,15435.14,4670.52,27.11,0,8087.67,109
634,18.63,-33.88,17.18,19.35,630.75,54.5,0,0,0,0,0.98,0,0,0,108.05,9291.78,9058.78,6692.55,230.96,1259.39,42
635,18.88,-33.88,16.48,20.9,787.5,72.75,0,0,0,0,0.98,0,0,0,48.38,7223.74,4627.79,0,54.23,48.9,105
636,19.13,-33.88,13.91,20.7,718.75,81.25,0,0,0,0,0.98,0,0,0,1736.34,1345.52,280.84,0,67.8,3.77,271
637,19.38,-33.88,16.9,23.33,698,74.25,0,0,0,0,0.98,0,0,0.06,103.26,6262.25,21.04,0,26.03,2.84,121
639,19.88,-33.88,18.04,24.45,435.75,59.75,0,0,0,0,0.98,0,0,0.29,333.96,191.15,2220.03,0,17.58,12.23,31
640,20.13,-33.88,17.63,24.05,384.25,62.5,0,0,0,0,0.98,0,0,0.18,2429.3,3098.81,8928.95,0,1011.2,5.02,10
641,20.38,-33.88,17.69,24.78,346.75,61.25,0,0,0,0,0.98,0,0,0.05,3454.08,6833.35,474.31,0,1116.72,4.23,10
642,20.63,-33.88,16.59,24.42,344,66.75,0,0,0,0,0.98,0,0,0,829.69,2391.34,4562.21,0,3048.95,5.19,14
646,22.13,-33.88,13.38,18.8,479.5,94.5,0,0,0,0,0.88,0,0,0.1,2272.98,3926.53,622.93,0,37.87,3.1,39
647,22.38,-33.88,14.8,19.12,480.75,98.75,0,0,0,0,0.86,0,0,0.12,1113.81,3134.25,0,0,3006.46,22.73,23
648,22.63,-33.88,15.49,18.55,552,109.5,0,0,0,0.06,0.98,0,0,0,68.79,534.39,0,0,4531.79,1.31,18
650,23.13,-33.88,15.6,18.82,637.75,127.25,0,0,0,0.23,0.79,0,0,0,2516.5,0,0,0,133.8,2.5,10
651,23.38,-33.88,16.32,19.15,703.75,141.25,0,0,0,0.08,0.93,0,0,0,134.92,0,0,0,422.78,0.61,61
652,23.63,-33.88,14.76,18.52,676.75,128.5,0,0,0,0.11,0.87,0,0,0,144.83,380.94,0,0,368.8,0.61,276
653,23.88,-33.88,14.55,19.72,662.5,127.75,0,0,0,0.04,0.97,0,0,0,1029.84,21.36,5466.49,0,168.87,3.08,241
654,24.13,-33.88,15.79,20.38,664,131.25,0,0,0,0.01,0.98,0,0,0,1057.63,1005.3,6453.73,0,408.61,0.66,66
655,24.38,-33.88,16.47,21.25,658,134,0.01,0,0,0,0.98,0,0,0,325.76,3966.47,6177.12,0,730.88,1.23,18
656,24.88,-33.88,18.05,20.53,603.75,130.5,0.45,0,0,0,0.57,0,0,0,4037.51,0,8835.49,0,1828.93,8.52,28
657,25.13,-33.88,17.29,19.5,570.5,118.25,0.29,0,0,0,0.54,0,0,0,0,0,1987.6,474.85,65.02,4.21,58
660,18.38,-34.13,16.7,14.78,538.75,47,0,0,0,0,0.44,0,0,0,87.59,102.82,0,7470.12,0,8087.67,51
662,18.88,-34.13,17.22,18.55,697,62.5,0,0,0,0,0.76,0,0,0,167.72,823.51,5480.46,157.55,407.69,1853.83,51
663,19.13,-34.13,13.49,19.4,759.75,93.5,0,0,0,0,0.98,0,0,0,3274.97,5640.83,1036.63,0,24.23,15.39,56
664,19.38,-34.13,15.66,21.48,724.75,86.75,0,0,0,0,0.98,0,0,0,166.71,2186.51,1691.7,0,109.57,6.24,27
665,19.63,-34.13,16.46,22.6,586,80.75,0,0,0,0,0.98,0,0,0,43.67,7868.1,5839.87,0,19.54,2.46,13
666,19.88,-34.13,16.38,22.25,494,75.5,0,0,0,0,0.98,0,0,0,926.49,1631.21,13531.89,0,17.58,2.79,15
668,20.38,-34.13,18.41,23.53,394.25,70,0,0,0,0,0.98,0,0,0,22370.02,1024.39,222.87,0,586.34,5.29,105
669,20.88,-34.13,17.91,23.13,408.75,82.25,0,0,0,0,0.98,0,0,0,1688.78,1254.9,0,0,0,2.44,16
679,24.63,-34.13,17.05,17.32,739,154,0,0,0,0,0.73,0,0,0,0,9069.76,786.49,0,317.27,4.72,24
684,19.13,-34.38,16.57,14.95,642.5,67,0,0,0,0,0.57,0,0,0,271.21,3304.04,3765.35,0,24.23,466.55,23
689,21.38,-34.38,17.21,18.82,462.5,93,0,0,0,0,0.63,0,0,0,844.11,339.02,4512.34,0,1156.83,34.71,10
691,20.13,-34.63,17.45,18.42,455,71.75,0,0,0,0,0.85,0,0,0,20565.63,13891.59,0,0,5851.65,0.59,13
